molecule,crp,intprd,cas,drugid
ABACAVIR,GLAXOSMITHKLINE,ZIAGEN,136470-78-5,6242
ABACAVIR,GLAXOSMITHKLINE,ZIAGEN,188062-50-2,6242
ABACAVIR#DOLUTEGRAVIR#LAMIVUDINE,GLAXOSMITHKLINE,TRIUMEQ,1051375-16-6,69973
ABACAVIR#DOLUTEGRAVIR#LAMIVUDINE,GLAXOSMITHKLINE,TRIUMEQ,134678-17-4,69973
ABACAVIR#DOLUTEGRAVIR#LAMIVUDINE,GLAXOSMITHKLINE,TRIUMEQ,136470-78-5,69973
ABACAVIR#DOLUTEGRAVIR#LAMIVUDINE,GLAXOSMITHKLINE,TRIUMEQ,1051375-16-6,101639
ABACAVIR#DOLUTEGRAVIR#LAMIVUDINE,GLAXOSMITHKLINE,TRIUMEQ,134678-17-4,101639
ABACAVIR#DOLUTEGRAVIR#LAMIVUDINE,GLAXOSMITHKLINE,TRIUMEQ,134678-17-4,26574
ABACAVIR#DOLUTEGRAVIR#LAMIVUDINE,GLAXOSMITHKLINE,TRIUMEQ,188062-50-2,26574
ABACAVIR#DOLUTEGRAVIR#LAMIVUDINE,GLAXOSMITHKLINE,TRIUMEQ,134678-17-4,48181
ABACAVIR#DOLUTEGRAVIR#LAMIVUDINE,GLAXOSMITHKLINE,TRIUMEQ,136470-78-5,48181
ABACAVIR#DOLUTEGRAVIR#LAMIVUDINE,GLAXOSMITHKLINE,TRIUMEQ,136470-78-5,6242
ABACAVIR#DOLUTEGRAVIR#LAMIVUDINE,GLAXOSMITHKLINE,TRIUMEQ,188062-50-2,6242
ABACAVIR#LAMIVUDINE,GLAXOSMITHKLINE,EPZICOM,134678-17-4,26574
ABACAVIR#LAMIVUDINE,GLAXOSMITHKLINE,EPZICOM,188062-50-2,26574
ABACAVIR#LAMIVUDINE,GLAXOSMITHKLINE,EPZICOM,134678-17-4,48181
ABACAVIR#LAMIVUDINE,GLAXOSMITHKLINE,EPZICOM,136470-78-5,48181
ABACAVIR#LAMIVUDINE,GLAXOSMITHKLINE,EPZICOM,134678-17-4,69973
ABACAVIR#LAMIVUDINE,GLAXOSMITHKLINE,EPZICOM,136470-78-5,69973
ABACAVIR#LAMIVUDINE,GLAXOSMITHKLINE,EPZICOM,136470-78-5,6242
ABACAVIR#LAMIVUDINE,GLAXOSMITHKLINE,EPZICOM,188062-50-2,6242
ABACAVIR#LAMIVUDINE#ZIDOVUDINE,GLAXOSMITHKLINE,TRIZIVIR,134678-17-4,16696
ABACAVIR#LAMIVUDINE#ZIDOVUDINE,GLAXOSMITHKLINE,TRIZIVIR,30516-87-1,16696
ABACAVIR#LAMIVUDINE#ZIDOVUDINE,GLAXOSMITHKLINE,TRIZIVIR,134678-17-4,26574
ABACAVIR#LAMIVUDINE#ZIDOVUDINE,GLAXOSMITHKLINE,TRIZIVIR,188062-50-2,26574
ABACAVIR#LAMIVUDINE#ZIDOVUDINE,GLAXOSMITHKLINE,TRIZIVIR,30516-87-1,26574
ABACAVIR#LAMIVUDINE#ZIDOVUDINE,GLAXOSMITHKLINE,TRIZIVIR,134678-17-4,48181
ABACAVIR#LAMIVUDINE#ZIDOVUDINE,GLAXOSMITHKLINE,TRIZIVIR,136470-78-5,48181
ABACAVIR#LAMIVUDINE#ZIDOVUDINE,GLAXOSMITHKLINE,TRIZIVIR,134678-17-4,69973
ABACAVIR#LAMIVUDINE#ZIDOVUDINE,GLAXOSMITHKLINE,TRIZIVIR,136470-78-5,69973
ABACAVIR#LAMIVUDINE#ZIDOVUDINE,GLAXOSMITHKLINE,TRIZIVIR,136470-78-5,6242
ABACAVIR#LAMIVUDINE#ZIDOVUDINE,GLAXOSMITHKLINE,TRIZIVIR,188062-50-2,6242
ACETYLSALICYLIC_ACID#OMEPRAZOLE,GENUS_LIFESCIENCES,YOSPRALA,50-78-2,63942
ACETYLSALICYLIC_ACID#OMEPRAZOLE,GENUS_LIFESCIENCES,YOSPRALA,73590-58-6,63942
ACETYLSALICYLIC_ACID#PRAVASTATIN,BRISTOL-MYERS_SQB.,PRAVIGARD PAC,50-78-2,46197
ACETYLSALICYLIC_ACID#PRAVASTATIN,BRISTOL-MYERS_SQB.,PRAVIGARD PAC,81093-37-0,46197
ACICLOVIR#HYDROCORTISONE,BAUSCH_HEALTH,XERESE,50-23-7,17335
ACICLOVIR#HYDROCORTISONE,BAUSCH_HEALTH,XERESE,59277-89-3,17335
ALENDRONIC_ACID#COLECALCIFEROL,MERCK_&_CO,FOSAMAX PLUS D,66376-36-1,52781
ALENDRONIC_ACID#COLECALCIFEROL,MERCK_&_CO,FOSAMAX PLUS D,67-97-0,52781
ALISKIREN#AMLODIPINE,NOVARTIS,TEKAMLO,173334-57-1,61906
ALISKIREN#AMLODIPINE,NOVARTIS,TEKAMLO,88150-42-9,61906
ALISKIREN#AMLODIPINE,NOVARTIS,TEKAMLO,173334-57-1,61908
ALISKIREN#AMLODIPINE,NOVARTIS,TEKAMLO,88150-42-9,61908
ALISKIREN#AMLODIPINE#HYDROCHLOROTHIAZIDE,NOVARTIS,AMTURNIDE,173334-57-1,61906
ALISKIREN#AMLODIPINE#HYDROCHLOROTHIAZIDE,NOVARTIS,AMTURNIDE,88150-42-9,61906
ALISKIREN#AMLODIPINE#HYDROCHLOROTHIAZIDE,NOVARTIS,AMTURNIDE,173334-57-1,61908
ALISKIREN#AMLODIPINE#HYDROCHLOROTHIAZIDE,NOVARTIS,AMTURNIDE,58-93-5,61908
ALISKIREN#AMLODIPINE#HYDROCHLOROTHIAZIDE,NOVARTIS,AMTURNIDE,88150-42-9,61908
ALISKIREN#AMLODIPINE#HYDROCHLOROTHIAZIDE,NOVARTIS,AMTURNIDE,173334-57-1,70338
ALISKIREN#AMLODIPINE#HYDROCHLOROTHIAZIDE,NOVARTIS,AMTURNIDE,58-93-5,70338
ALISKIREN#AMLODIPINE#HYDROCHLOROTHIAZIDE,NOVARTIS,AMTURNIDE,58-93-5,59553
ALISKIREN#AMLODIPINE#HYDROCHLOROTHIAZIDE,NOVARTIS,AMTURNIDE,88150-42-9,59553
ALISKIREN#AMLODIPINE#HYDROCHLOROTHIAZIDE,NOVARTIS,AMTURNIDE,58-93-5,70525
ALISKIREN#AMLODIPINE#HYDROCHLOROTHIAZIDE,NOVARTIS,AMTURNIDE,88150-42-9,70525
ALISKIREN#HYDROCHLOROTHIAZIDE,NODEN_PHARMA,TEKTURNA HCT,173334-57-1,61908
ALISKIREN#HYDROCHLOROTHIAZIDE,NODEN_PHARMA,TEKTURNA HCT,58-93-5,61908
ALISKIREN#HYDROCHLOROTHIAZIDE,NODEN_PHARMA,TEKTURNA HCT,173334-57-1,70338
ALISKIREN#HYDROCHLOROTHIAZIDE,NODEN_PHARMA,TEKTURNA HCT,58-93-5,70338
ALISKIREN#VALSARTAN,NOVARTIS,VALTURNA,137862-53-4,54291
ALISKIREN#VALSARTAN,NOVARTIS,VALTURNA,173334-57-1,54291
ALMOTRIPTAN,JOHNSON_&_JOHNSON,AXERT,154323-57-6,10524
ALMOTRIPTAN,JOHNSON_&_JOHNSON,AXERT,181183-52-8,10524
ALOGLIPTIN#METFORMIN,TAKEDA,KAZANO,1115-70-4,6050
ALOGLIPTIN#METFORMIN,TAKEDA,KAZANO,657-24-9,6050
ALOGLIPTIN#METFORMIN,TAKEDA,KAZANO,1115-70-4,49077
ALOGLIPTIN#METFORMIN,TAKEDA,KAZANO,657-24-9,49077
ALOGLIPTIN#METFORMIN,TAKEDA,KAZANO,1115-70-4,49829
ALOGLIPTIN#METFORMIN,TAKEDA,KAZANO,657-24-9,49829
ALOGLIPTIN#METFORMIN,TAKEDA,KAZANO,657-24-9,64334
ALOGLIPTIN#METFORMIN,TAKEDA,KAZANO,850649-61-5,64334
ALVIMOPAN,MERCK_&_CO,ENTEREG,156053-89-3,9447
ALVIMOPAN,MERCK_&_CO,ENTEREG,170098-38-1,9447
AMFETAMINE,TRIS_PHARMA,DYANAVEL XR,300-62-9,25009
AMFETAMINE,TRIS_PHARMA,DYANAVEL XR,51-64-9,25009
AMLODIPINE#ATORVASTATIN,PFIZER,CADUET,134523-00-5,33475
AMLODIPINE#ATORVASTATIN,PFIZER,CADUET,88150-42-9,33475
AMLODIPINE#BENAZEPRIL,NOVARTIS,LOTREL,86541-75-5,44413
AMLODIPINE#BENAZEPRIL,NOVARTIS,LOTREL,88150-42-9,44413
AMLODIPINE#HYDROCHLOROTHIAZIDE#OLMESARTAN_MEDOXOMIL,DAIICHI_SANKYO,TRIBENZOR,58-93-5,59553
AMLODIPINE#HYDROCHLOROTHIAZIDE#OLMESARTAN_MEDOXOMIL,DAIICHI_SANKYO,TRIBENZOR,88150-42-9,59553
AMLODIPINE#HYDROCHLOROTHIAZIDE#OLMESARTAN_MEDOXOMIL,DAIICHI_SANKYO,TRIBENZOR,58-93-5,61908
AMLODIPINE#HYDROCHLOROTHIAZIDE#OLMESARTAN_MEDOXOMIL,DAIICHI_SANKYO,TRIBENZOR,88150-42-9,61908
AMLODIPINE#HYDROCHLOROTHIAZIDE#OLMESARTAN_MEDOXOMIL,DAIICHI_SANKYO,TRIBENZOR,58-93-5,70525
AMLODIPINE#HYDROCHLOROTHIAZIDE#OLMESARTAN_MEDOXOMIL,DAIICHI_SANKYO,TRIBENZOR,88150-42-9,70525
AMLODIPINE#HYDROCHLOROTHIAZIDE#VALSARTAN,NOVARTIS,EXFORGE HCT,137862-53-4,16073
AMLODIPINE#HYDROCHLOROTHIAZIDE#VALSARTAN,NOVARTIS,EXFORGE HCT,58-93-5,16073
AMLODIPINE#HYDROCHLOROTHIAZIDE#VALSARTAN,NOVARTIS,EXFORGE HCT,137862-53-4,54288
AMLODIPINE#HYDROCHLOROTHIAZIDE#VALSARTAN,NOVARTIS,EXFORGE HCT,88150-42-9,54288
AMLODIPINE#HYDROCHLOROTHIAZIDE#VALSARTAN,NOVARTIS,EXFORGE HCT,137862-53-4,70525
AMLODIPINE#HYDROCHLOROTHIAZIDE#VALSARTAN,NOVARTIS,EXFORGE HCT,58-93-5,70525
AMLODIPINE#HYDROCHLOROTHIAZIDE#VALSARTAN,NOVARTIS,EXFORGE HCT,88150-42-9,70525
AMLODIPINE#HYDROCHLOROTHIAZIDE#VALSARTAN,NOVARTIS,EXFORGE HCT,58-93-5,59553
AMLODIPINE#HYDROCHLOROTHIAZIDE#VALSARTAN,NOVARTIS,EXFORGE HCT,88150-42-9,59553
AMLODIPINE#HYDROCHLOROTHIAZIDE#VALSARTAN,NOVARTIS,EXFORGE HCT,58-93-5,61908
AMLODIPINE#HYDROCHLOROTHIAZIDE#VALSARTAN,NOVARTIS,EXFORGE HCT,88150-42-9,61908
AMLODIPINE#PERINDOPRIL,ADHERA_THERAPEUTIC,PRESTALIA,107133-36-8,17745
AMLODIPINE#PERINDOPRIL,ADHERA_THERAPEUTIC,PRESTALIA,82834-16-0,17745
AMLODIPINE#PERINDOPRIL,ADHERA_THERAPEUTIC,PRESTALIA,82834-16-0,73272
AMLODIPINE#PERINDOPRIL,ADHERA_THERAPEUTIC,PRESTALIA,88150-42-9,73272
AMLODIPINE#TELMISARTAN,BOEHRINGER_INGEL,TWYNSTA,144701-48-4,61090
AMLODIPINE#TELMISARTAN,BOEHRINGER_INGEL,TWYNSTA,88150-42-9,61090
AMLODIPINE#VALSARTAN,NOVARTIS,EXFORGE,137862-53-4,54288
AMLODIPINE#VALSARTAN,NOVARTIS,EXFORGE,88150-42-9,54288
AMLODIPINE#VALSARTAN,NOVARTIS,EXFORGE,137862-53-4,70525
AMLODIPINE#VALSARTAN,NOVARTIS,EXFORGE,88150-42-9,70525
AMOXICILLIN#CLAVULANIC_ACID,NEOPHARMA,AUGMENTIN,26787-78-0,44279
AMOXICILLIN#CLAVULANIC_ACID,NEOPHARMA,AUGMENTIN,61336-70-7,44279
AMOXICILLIN#CLAVULANIC_ACID,NEOPHARMA,AUGMENTIN,26787-78-0,44284
AMOXICILLIN#CLAVULANIC_ACID,NEOPHARMA,AUGMENTIN,58001-44-8,44284
AMPICILLIN#SULBACTAM,PFIZER,UNASYN,68373-14-8,44400
AMPICILLIN#SULBACTAM,PFIZER,UNASYN,69-53-4,44400
APOMORPHINE,US_WORLDMEDS,APOKYN,41372-20-7,50484
APOMORPHINE,US_WORLDMEDS,APOKYN,58-00-4,50484
ATAZANAVIR#COBICISTAT,BRISTOL-MYERS_SQB.,EVOTAZ,1004316-88-4,74263
ATAZANAVIR#COBICISTAT,BRISTOL-MYERS_SQB.,EVOTAZ,198904-31-3,74263
ATENOLOL#CHLORTALIDONE,ALVOGEN,TENORETIC,29122-68-7,52220
ATENOLOL#CHLORTALIDONE,ALVOGEN,TENORETIC,77-36-1,52220
ATOMOXETINE,LILLY,STRATTERA,82248-59-7,16905
ATOMOXETINE,LILLY,STRATTERA,83015-26-3,16905
ATORVASTATIN#EZETIMIBE,MERCK_&_CO,LIPTRUZET,134523-00-5,57054
ATORVASTATIN#EZETIMIBE,MERCK_&_CO,LIPTRUZET,163222-33-1,57054
ATOVAQUONE#PROGUANIL,GLAXOSMITHKLINE,MALARONE,500-92-5,23459
ATOVAQUONE#PROGUANIL,GLAXOSMITHKLINE,MALARONE,95233-18-4,23459
AZELASTINE#FLUTICASONE,MYLAN,DYMISTA,58581-89-8,60104
AZELASTINE#FLUTICASONE,MYLAN,DYMISTA,90566-53-3,60104
AZILSARTAN_MEDOXOMIL#CHLORTALIDONE,ARBOR_PHARM,EDARBYCLOR,77-36-1,62924
AZILSARTAN_MEDOXOMIL#CHLORTALIDONE,ARBOR_PHARM,EDARBYCLOR,863031-21-4,62924
BENAZEPRIL#HYDROCHLOROTHIAZIDE,VALIDUS_PHARM,LOTENSIN HCT,58-93-5,70340
BENAZEPRIL#HYDROCHLOROTHIAZIDE,VALIDUS_PHARM,LOTENSIN HCT,86541-75-5,70340
BICTEGRAVIR#EMTRICITABINE#TENOFOVIR_ALAFENAMIDE,GILEAD_SCIENCES,BIKTARVY,143491-54-7,4728
BICTEGRAVIR#EMTRICITABINE#TENOFOVIR_ALAFENAMIDE,GILEAD_SCIENCES,BIKTARVY,143491-57-0,4728
BICTEGRAVIR#EMTRICITABINE#TENOFOVIR_ALAFENAMIDE,GILEAD_SCIENCES,BIKTARVY,143491-57-0,72153
BICTEGRAVIR#EMTRICITABINE#TENOFOVIR_ALAFENAMIDE,GILEAD_SCIENCES,BIKTARVY,379270-37-8,72153
BICTEGRAVIR#EMTRICITABINE#TENOFOVIR_ALAFENAMIDE,GILEAD_SCIENCES,BIKTARVY,143491-57-0,75324
BICTEGRAVIR#EMTRICITABINE#TENOFOVIR_ALAFENAMIDE,GILEAD_SCIENCES,BIKTARVY,379270-37-8,75324
BICTEGRAVIR#EMTRICITABINE#TENOFOVIR_ALAFENAMIDE,GILEAD_SCIENCES,BIKTARVY,143491-57-0,94396
BICTEGRAVIR#EMTRICITABINE#TENOFOVIR_ALAFENAMIDE,GILEAD_SCIENCES,BIKTARVY,379270-37-8,94396
BICTEGRAVIR#EMTRICITABINE#TENOFOVIR_ALAFENAMIDE,GILEAD_SCIENCES,BIKTARVY,143491-57-0,95280
BICTEGRAVIR#EMTRICITABINE#TENOFOVIR_ALAFENAMIDE,GILEAD_SCIENCES,BIKTARVY,379270-37-8,95280
BICTEGRAVIR#EMTRICITABINE#TENOFOVIR_ALAFENAMIDE,GILEAD_SCIENCES,BIKTARVY,143491-57-0,100097
BICTEGRAVIR#EMTRICITABINE#TENOFOVIR_ALAFENAMIDE,GILEAD_SCIENCES,BIKTARVY,1611493-60-7,100097
BICTEGRAVIR#EMTRICITABINE#TENOFOVIR_ALAFENAMIDE,GILEAD_SCIENCES,BIKTARVY,379270-37-8,100097
BISMUTH#METRONIDAZOLE#TETRACYCLINE,ALLERGAN,PYLERA,443-48-1,17249
BISMUTH#METRONIDAZOLE#TETRACYCLINE,ALLERGAN,PYLERA,60-54-8,17249
BISOPROLOL#HYDROCHLOROTHIAZIDE,TEVA,ZIAC,58-93-5,70332
BISOPROLOL#HYDROCHLOROTHIAZIDE,TEVA,ZIAC,66722-44-9,70332
BRIMONIDINE#BRINZOLAMIDE,NOVARTIS,SIMBRINZA,138890-62-7,70572
BRIMONIDINE#BRINZOLAMIDE,NOVARTIS,SIMBRINZA,59803-98-4,70572
BRIMONIDINE#TIMOLOL,ALLERGAN,COMBIGAN,26839-75-8,54133
BRIMONIDINE#TIMOLOL,ALLERGAN,COMBIGAN,59803-98-4,54133
BUDESONIDE#FORMOTEROL,ASTRAZENECA,SYMBICORT,51333-22-3,30712
BUDESONIDE#FORMOTEROL,ASTRAZENECA,SYMBICORT,73573-87-2,30712
BUPROPION#NALTREXONE,NALPROPION_PHARM,CONTRAVE,16590-41-3,55454
BUPROPION#NALTREXONE,NALPROPION_PHARM,CONTRAVE,34911-55-2,55454
CANAGLIFLOZIN#METFORMIN,JOHNSON_&_JOHNSON,VOKANAMET,1115-70-4,6050
CANAGLIFLOZIN#METFORMIN,JOHNSON_&_JOHNSON,VOKANAMET,657-24-9,6050
CANAGLIFLOZIN#METFORMIN,JOHNSON_&_JOHNSON,VOKANAMET,1115-70-4,49077
CANAGLIFLOZIN#METFORMIN,JOHNSON_&_JOHNSON,VOKANAMET,657-24-9,49077
CANAGLIFLOZIN#METFORMIN,JOHNSON_&_JOHNSON,VOKANAMET,1115-70-4,49829
CANAGLIFLOZIN#METFORMIN,JOHNSON_&_JOHNSON,VOKANAMET,657-24-9,49829
CANAGLIFLOZIN#METFORMIN,JOHNSON_&_JOHNSON,VOKANAMET,657-24-9,67614
CANAGLIFLOZIN#METFORMIN,JOHNSON_&_JOHNSON,VOKANAMET,842133-18-0,67614
CANAGLIFLOZIN#METFORMIN,JOHNSON_&_JOHNSON,VOKANAMET,657-24-9,74198
CANAGLIFLOZIN#METFORMIN,JOHNSON_&_JOHNSON,VOKANAMET,842133-18-0,74198
CARBIDOPA#ENTACAPONE#LEVODOPA,NOVARTIS,STALEVO,130929-57-6,33005
CARBIDOPA#ENTACAPONE#LEVODOPA,NOVARTIS,STALEVO,28860-95-9,33005
CARBIDOPA#ENTACAPONE#LEVODOPA,NOVARTIS,STALEVO,59-92-7,33005
CARBIDOPA#ENTACAPONE#LEVODOPA,NOVARTIS,STALEVO,28860-95-9,44388
CARBIDOPA#ENTACAPONE#LEVODOPA,NOVARTIS,STALEVO,59-92-7,44388
CARBIDOPA#ENTACAPONE#LEVODOPA,NOVARTIS,STALEVO,28860-95-9,58997
CARBIDOPA#ENTACAPONE#LEVODOPA,NOVARTIS,STALEVO,59-92-7,58997
CARBIDOPA#ENTACAPONE#LEVODOPA,NOVARTIS,STALEVO,28860-95-9,60718
CARBIDOPA#ENTACAPONE#LEVODOPA,NOVARTIS,STALEVO,59-92-7,60718
CARBIDOPA#ENTACAPONE#LEVODOPA,NOVARTIS,STALEVO,28860-95-9,60977
CARBIDOPA#ENTACAPONE#LEVODOPA,NOVARTIS,STALEVO,59-92-7,60977
CARBIDOPA#ENTACAPONE#LEVODOPA,NOVARTIS,STALEVO,28860-95-9,94517
CARBIDOPA#ENTACAPONE#LEVODOPA,NOVARTIS,STALEVO,59-92-7,94517
CEFPROZIL,BRISTOL-MYERS_SQB.,CEFZIL,92665-29-7,5975
CEFPROZIL,BRISTOL-MYERS_SQB.,CEFZIL,92676-86-3,5975
CEFTOLOZANE#TAZOBACTAM,MERCK_&_CO,ZERBAXA,689293-68-3,63012
CEFTOLOZANE#TAZOBACTAM,MERCK_&_CO,ZERBAXA,89786-04-9,63012
CILASTATIN#IMIPENEM,MERCK_&_CO,ZIENAM,64221-86-9,44406
CILASTATIN#IMIPENEM,MERCK_&_CO,ZIENAM,82009-34-5,44406
CILASTATIN#IMIPENEM,MERCK_&_CO,ZIENAM,64221-86-9,98214
CILASTATIN#IMIPENEM,MERCK_&_CO,ZIENAM,82009-34-5,98214
CIPROFLOXACIN#DEXAMETHASONE,NOVARTIS,CILODEX,50-02-2,51007
CIPROFLOXACIN#DEXAMETHASONE,NOVARTIS,CILODEX,85721-33-1,51007
CIPROFLOXACIN#FLUOCINOLONE_ACETONIDE,ARBOR_PHARM,OTOVEL,67-73-2,68594
CIPROFLOXACIN#FLUOCINOLONE_ACETONIDE,ARBOR_PHARM,OTOVEL,85721-33-1,68594
CLINDAMYCIN#TRETINOIN,BAUSCH_HEALTH,ZIANA,18323-44-9,62738
CLINDAMYCIN#TRETINOIN,BAUSCH_HEALTH,ZIANA,302-79-4,62738
CLOBETASOL,ENCORE_DERM,IMPOYZ,25122-41-2,18168
CLOBETASOL,ENCORE_DERM,IMPOYZ,25122-46-7,18168
COBICISTAT#DARUNAVIR,JOHNSON_&_JOHNSON,PREZCOBIX,1004316-88-4,72148
COBICISTAT#DARUNAVIR,JOHNSON_&_JOHNSON,PREZCOBIX,206361-99-1,72148
COBICISTAT#DARUNAVIR,JOHNSON_&_JOHNSON,PREZCOBIX,1004316-88-4,72153
COBICISTAT#DARUNAVIR,JOHNSON_&_JOHNSON,PREZCOBIX,206361-99-1,72153
COBICISTAT#DARUNAVIR#EMTRICITABINE#TENOFOVIR_ALAFENAMIDE,JOHNSON_&_JOHNSON,SYMTUZA,1004316-88-4,62277
COBICISTAT#DARUNAVIR#EMTRICITABINE#TENOFOVIR_ALAFENAMIDE,JOHNSON_&_JOHNSON,SYMTUZA,143491-57-0,62277
COBICISTAT#DARUNAVIR#EMTRICITABINE#TENOFOVIR_ALAFENAMIDE,JOHNSON_&_JOHNSON,SYMTUZA,1004316-88-4,72148
COBICISTAT#DARUNAVIR#EMTRICITABINE#TENOFOVIR_ALAFENAMIDE,JOHNSON_&_JOHNSON,SYMTUZA,206361-99-1,72148
COBICISTAT#DARUNAVIR#EMTRICITABINE#TENOFOVIR_ALAFENAMIDE,JOHNSON_&_JOHNSON,SYMTUZA,1004316-88-4,72153
COBICISTAT#DARUNAVIR#EMTRICITABINE#TENOFOVIR_ALAFENAMIDE,JOHNSON_&_JOHNSON,SYMTUZA,143491-57-0,72153
COBICISTAT#DARUNAVIR#EMTRICITABINE#TENOFOVIR_ALAFENAMIDE,JOHNSON_&_JOHNSON,SYMTUZA,206361-99-1,72153
COBICISTAT#DARUNAVIR#EMTRICITABINE#TENOFOVIR_ALAFENAMIDE,JOHNSON_&_JOHNSON,SYMTUZA,379270-37-8,72153
COBICISTAT#DARUNAVIR#EMTRICITABINE#TENOFOVIR_ALAFENAMIDE,JOHNSON_&_JOHNSON,SYMTUZA,1004316-88-4,75324
COBICISTAT#DARUNAVIR#EMTRICITABINE#TENOFOVIR_ALAFENAMIDE,JOHNSON_&_JOHNSON,SYMTUZA,143491-57-0,75324
COBICISTAT#DARUNAVIR#EMTRICITABINE#TENOFOVIR_ALAFENAMIDE,JOHNSON_&_JOHNSON,SYMTUZA,379270-37-8,75324
COBICISTAT#DARUNAVIR#EMTRICITABINE#TENOFOVIR_ALAFENAMIDE,JOHNSON_&_JOHNSON,SYMTUZA,143491-54-7,4728
COBICISTAT#DARUNAVIR#EMTRICITABINE#TENOFOVIR_ALAFENAMIDE,JOHNSON_&_JOHNSON,SYMTUZA,143491-57-0,4728
COBICISTAT#DARUNAVIR#EMTRICITABINE#TENOFOVIR_ALAFENAMIDE,JOHNSON_&_JOHNSON,SYMTUZA,143491-57-0,94396
COBICISTAT#DARUNAVIR#EMTRICITABINE#TENOFOVIR_ALAFENAMIDE,JOHNSON_&_JOHNSON,SYMTUZA,379270-37-8,94396
COBICISTAT#DARUNAVIR#EMTRICITABINE#TENOFOVIR_ALAFENAMIDE,JOHNSON_&_JOHNSON,SYMTUZA,143491-57-0,95280
COBICISTAT#DARUNAVIR#EMTRICITABINE#TENOFOVIR_ALAFENAMIDE,JOHNSON_&_JOHNSON,SYMTUZA,379270-37-8,95280
COBICISTAT#DARUNAVIR#EMTRICITABINE#TENOFOVIR_ALAFENAMIDE,JOHNSON_&_JOHNSON,SYMTUZA,143491-57-0,100097
COBICISTAT#DARUNAVIR#EMTRICITABINE#TENOFOVIR_ALAFENAMIDE,JOHNSON_&_JOHNSON,SYMTUZA,379270-37-8,100097
COBICISTAT#ELVITEGRAVIR#EMTRICITABINE#TENOFOVIR_ALAFENAMIDE,GILEAD_SCIENCES,GENVOYA,1004316-88-4,62277
COBICISTAT#ELVITEGRAVIR#EMTRICITABINE#TENOFOVIR_ALAFENAMIDE,GILEAD_SCIENCES,GENVOYA,143491-57-0,62277
COBICISTAT#ELVITEGRAVIR#EMTRICITABINE#TENOFOVIR_ALAFENAMIDE,GILEAD_SCIENCES,GENVOYA,697761-98-1,62277
COBICISTAT#ELVITEGRAVIR#EMTRICITABINE#TENOFOVIR_ALAFENAMIDE,GILEAD_SCIENCES,GENVOYA,1004316-88-4,72153
COBICISTAT#ELVITEGRAVIR#EMTRICITABINE#TENOFOVIR_ALAFENAMIDE,GILEAD_SCIENCES,GENVOYA,143491-57-0,72153
COBICISTAT#ELVITEGRAVIR#EMTRICITABINE#TENOFOVIR_ALAFENAMIDE,GILEAD_SCIENCES,GENVOYA,379270-37-8,72153
COBICISTAT#ELVITEGRAVIR#EMTRICITABINE#TENOFOVIR_ALAFENAMIDE,GILEAD_SCIENCES,GENVOYA,1004316-88-4,75324
COBICISTAT#ELVITEGRAVIR#EMTRICITABINE#TENOFOVIR_ALAFENAMIDE,GILEAD_SCIENCES,GENVOYA,143491-57-0,75324
COBICISTAT#ELVITEGRAVIR#EMTRICITABINE#TENOFOVIR_ALAFENAMIDE,GILEAD_SCIENCES,GENVOYA,379270-37-8,75324
COBICISTAT#ELVITEGRAVIR#EMTRICITABINE#TENOFOVIR_ALAFENAMIDE,GILEAD_SCIENCES,GENVOYA,697761-98-1,75324
COBICISTAT#ELVITEGRAVIR#EMTRICITABINE#TENOFOVIR_ALAFENAMIDE,GILEAD_SCIENCES,GENVOYA,143491-54-7,4728
COBICISTAT#ELVITEGRAVIR#EMTRICITABINE#TENOFOVIR_ALAFENAMIDE,GILEAD_SCIENCES,GENVOYA,143491-57-0,4728
COBICISTAT#ELVITEGRAVIR#EMTRICITABINE#TENOFOVIR_ALAFENAMIDE,GILEAD_SCIENCES,GENVOYA,143491-57-0,94396
COBICISTAT#ELVITEGRAVIR#EMTRICITABINE#TENOFOVIR_ALAFENAMIDE,GILEAD_SCIENCES,GENVOYA,379270-37-8,94396
COBICISTAT#ELVITEGRAVIR#EMTRICITABINE#TENOFOVIR_ALAFENAMIDE,GILEAD_SCIENCES,GENVOYA,143491-57-0,95280
COBICISTAT#ELVITEGRAVIR#EMTRICITABINE#TENOFOVIR_ALAFENAMIDE,GILEAD_SCIENCES,GENVOYA,379270-37-8,95280
COBICISTAT#ELVITEGRAVIR#EMTRICITABINE#TENOFOVIR_ALAFENAMIDE,GILEAD_SCIENCES,GENVOYA,143491-57-0,100097
COBICISTAT#ELVITEGRAVIR#EMTRICITABINE#TENOFOVIR_ALAFENAMIDE,GILEAD_SCIENCES,GENVOYA,379270-37-8,100097
COBICISTAT#ELVITEGRAVIR#EMTRICITABINE#TENOFOVIR_DISOPROXIL,GILEAD_SCIENCES,STRIBILD,1004316-88-4,62277
COBICISTAT#ELVITEGRAVIR#EMTRICITABINE#TENOFOVIR_DISOPROXIL,GILEAD_SCIENCES,STRIBILD,143491-57-0,62277
COBICISTAT#ELVITEGRAVIR#EMTRICITABINE#TENOFOVIR_DISOPROXIL,GILEAD_SCIENCES,STRIBILD,201341-05-1,62277
COBICISTAT#ELVITEGRAVIR#EMTRICITABINE#TENOFOVIR_DISOPROXIL,GILEAD_SCIENCES,STRIBILD,697761-98-1,62277
COBICISTAT#ELVITEGRAVIR#EMTRICITABINE#TENOFOVIR_DISOPROXIL,GILEAD_SCIENCES,STRIBILD,1004316-88-4,72153
COBICISTAT#ELVITEGRAVIR#EMTRICITABINE#TENOFOVIR_DISOPROXIL,GILEAD_SCIENCES,STRIBILD,143491-57-0,72153
COBICISTAT#ELVITEGRAVIR#EMTRICITABINE#TENOFOVIR_DISOPROXIL,GILEAD_SCIENCES,STRIBILD,1004316-88-4,75324
COBICISTAT#ELVITEGRAVIR#EMTRICITABINE#TENOFOVIR_DISOPROXIL,GILEAD_SCIENCES,STRIBILD,143491-57-0,75324
COBICISTAT#ELVITEGRAVIR#EMTRICITABINE#TENOFOVIR_DISOPROXIL,GILEAD_SCIENCES,STRIBILD,697761-98-1,75324
COBICISTAT#ELVITEGRAVIR#EMTRICITABINE#TENOFOVIR_DISOPROXIL,GILEAD_SCIENCES,STRIBILD,143491-54-7,4728
COBICISTAT#ELVITEGRAVIR#EMTRICITABINE#TENOFOVIR_DISOPROXIL,GILEAD_SCIENCES,STRIBILD,143491-57-0,4728
COBICISTAT#ELVITEGRAVIR#EMTRICITABINE#TENOFOVIR_DISOPROXIL,GILEAD_SCIENCES,STRIBILD,143491-57-0,49219
COBICISTAT#ELVITEGRAVIR#EMTRICITABINE#TENOFOVIR_DISOPROXIL,GILEAD_SCIENCES,STRIBILD,201341-05-1,49219
COBICISTAT#ELVITEGRAVIR#EMTRICITABINE#TENOFOVIR_DISOPROXIL,GILEAD_SCIENCES,STRIBILD,143491-57-0,50038
COBICISTAT#ELVITEGRAVIR#EMTRICITABINE#TENOFOVIR_DISOPROXIL,GILEAD_SCIENCES,STRIBILD,201341-05-1,50038
COBICISTAT#ELVITEGRAVIR#EMTRICITABINE#TENOFOVIR_DISOPROXIL,GILEAD_SCIENCES,STRIBILD,143491-57-0,63988
COBICISTAT#ELVITEGRAVIR#EMTRICITABINE#TENOFOVIR_DISOPROXIL,GILEAD_SCIENCES,STRIBILD,201341-05-1,63988
CYTARABINE#DAUNORUBICIN,JAZZ_PHARMA,VYXEOS,147-94-4,53082
CYTARABINE#DAUNORUBICIN,JAZZ_PHARMA,VYXEOS,20830-81-3,53082
DALFOPRISTIN#QUINUPRISTIN,PFIZER,SYNERCID,112362-50-2,4275
DALFOPRISTIN#QUINUPRISTIN,PFIZER,SYNERCID,120138-50-3,4275
DAPAGLIFLOZIN#METFORMIN,ASTRAZENECA,XIGDUO,1115-70-4,6050
DAPAGLIFLOZIN#METFORMIN,ASTRAZENECA,XIGDUO,657-24-9,6050
DAPAGLIFLOZIN#METFORMIN,ASTRAZENECA,XIGDUO,1115-70-4,49077
DAPAGLIFLOZIN#METFORMIN,ASTRAZENECA,XIGDUO,657-24-9,49077
DAPAGLIFLOZIN#METFORMIN,ASTRAZENECA,XIGDUO,1115-70-4,49829
DAPAGLIFLOZIN#METFORMIN,ASTRAZENECA,XIGDUO,657-24-9,49829
DAPAGLIFLOZIN#METFORMIN,ASTRAZENECA,XIGDUO,461432-26-8,59370
DAPAGLIFLOZIN#METFORMIN,ASTRAZENECA,XIGDUO,657-24-9,59370
DAPAGLIFLOZIN#METFORMIN,ASTRAZENECA,XIGDUO,461432-26-8,93902
DAPAGLIFLOZIN#METFORMIN,ASTRAZENECA,XIGDUO,657-24-9,93902
DAPAGLIFLOZIN#SAXAGLIPTIN,ASTRAZENECA,QTERN,361442-04-8,44417
DAPAGLIFLOZIN#SAXAGLIPTIN,ASTRAZENECA,QTERN,945667-22-1,44417
DAPAGLIFLOZIN#SAXAGLIPTIN,ASTRAZENECA,QTERN,361442-04-8,83956
DAPAGLIFLOZIN#SAXAGLIPTIN,ASTRAZENECA,QTERN,461432-26-8,83956
DAPAGLIFLOZIN#SAXAGLIPTIN,ASTRAZENECA,QTERN,361442-04-8,93902
DAPAGLIFLOZIN#SAXAGLIPTIN,ASTRAZENECA,QTERN,461432-26-8,93902
DASATINIB,BRISTOL-MYERS_SQB.,SPRYCEL,302962-49-8,48946
DASATINIB,BRISTOL-MYERS_SQB.,SPRYCEL,863127-77-9,48946
DESOGESTREL#ETHINYLESTRADIOL,MERCK_&_CO,MARVELON,54024-22-5,13599
DESOGESTREL#ETHINYLESTRADIOL,MERCK_&_CO,MARVELON,57-63-6,13599
DESOGESTREL#ETHINYLESTRADIOL,MERCK_&_CO,MARVELON,54024-22-5,13648
DESOGESTREL#ETHINYLESTRADIOL,MERCK_&_CO,MARVELON,57-63-6,13648
DEXAMETHASONE#TOBRAMYCIN,NOVARTIS,TOBRADEX,32986-56-4,48940
DEXAMETHASONE#TOBRAMYCIN,NOVARTIS,TOBRADEX,50-02-2,48940
DEXTROMETHORPHAN#QUINIDINE,OTSUKA,NUEDEXTA,125-71-3,21960
DEXTROMETHORPHAN#QUINIDINE,OTSUKA,NUEDEXTA,56-54-2,21960
DICLOFENAC#MISOPROSTOL,PFIZER,ARTHROTEC,15307-86-5,5296
DICLOFENAC#MISOPROSTOL,PFIZER,ARTHROTEC,59122-46-2,5296
DILTIAZEM#ENALAPRIL,SANOFI,TECZEM,42399-41-7,13663
DILTIAZEM#ENALAPRIL,SANOFI,TECZEM,75847-73-3,13663
DOLUTEGRAVIR#RILPIVIRINE,GLAXOSMITHKLINE,JULUCA,1051375-16-6,91586
DOLUTEGRAVIR#RILPIVIRINE,GLAXOSMITHKLINE,JULUCA,500287-72-9,91586
DONEPEZIL#MEMANTINE,ALLERGAN,NAMZARIC,120014-06-4,70630
DONEPEZIL#MEMANTINE,ALLERGAN,NAMZARIC,19982-08-2,70630
DORAVIRINE#LAMIVUDINE#TENOFOVIR_DISOPROXIL,MERCK_&_CO,DELSTRIGO,1338225-97-0,96077
DORAVIRINE#LAMIVUDINE#TENOFOVIR_DISOPROXIL,MERCK_&_CO,DELSTRIGO,134678-17-4,96077
DORAVIRINE#LAMIVUDINE#TENOFOVIR_DISOPROXIL,MERCK_&_CO,DELSTRIGO,201341-05-1,96077
DORAVIRINE#LAMIVUDINE#TENOFOVIR_DISOPROXIL,MERCK_&_CO,DELSTRIGO,134678-17-4,65069
DORAVIRINE#LAMIVUDINE#TENOFOVIR_DISOPROXIL,MERCK_&_CO,DELSTRIGO,201341-05-1,65069
DORAVIRINE#LAMIVUDINE#TENOFOVIR_DISOPROXIL,MERCK_&_CO,DELSTRIGO,134678-17-4,73625
DORAVIRINE#LAMIVUDINE#TENOFOVIR_DISOPROXIL,MERCK_&_CO,DELSTRIGO,201341-05-1,73625
DORAVIRINE#LAMIVUDINE#TENOFOVIR_DISOPROXIL,MERCK_&_CO,DELSTRIGO,134678-17-4,109933
DORAVIRINE#LAMIVUDINE#TENOFOVIR_DISOPROXIL,MERCK_&_CO,DELSTRIGO,201341-05-1,109933
DORAVIRINE#LAMIVUDINE#TENOFOVIR_DISOPROXIL,MERCK_&_CO,DELSTRIGO,134678-17-4,113752
DORAVIRINE#LAMIVUDINE#TENOFOVIR_DISOPROXIL,MERCK_&_CO,DELSTRIGO,201341-05-1,113752
DORZOLAMIDE#TIMOLOL,AKORN,COSOPT,120279-96-1,70335
DORZOLAMIDE#TIMOLOL,AKORN,COSOPT,26839-75-8,70335
DOXYCYCLINE,NESTLE,PERIOSTAT,24390-14-5,10198
DOXYCYCLINE,NESTLE,PERIOSTAT,564-25-0,10198
DOXYCYCLINE,NESTLE,PERIOSTAT,24390-14-5,10563
DOXYCYCLINE,NESTLE,PERIOSTAT,564-25-0,10563
DOXYCYCLINE,NESTLE,PERIOSTAT,24390-14-5,46927
DOXYCYCLINE,NESTLE,PERIOSTAT,564-25-0,46927
DOXYCYCLINE,NESTLE,PERIOSTAT,24390-14-5,92069
DOXYCYCLINE,NESTLE,PERIOSTAT,564-25-0,92069
DROSPIRENONE#ESTRADIOL,BAYER,ANGELIQ,50-28-2,22275
DROSPIRENONE#ESTRADIOL,BAYER,ANGELIQ,67392-87-4,22275
DUTASTERIDE#TAMSULOSIN,GLAXOSMITHKLINE,COMBODART,106133-20-4,57005
DUTASTERIDE#TAMSULOSIN,GLAXOSMITHKLINE,COMBODART,164656-23-9,57005
EFAVIRENZ#EMTRICITABINE#TENOFOVIR_DISOPROXIL,GILEAD_SCIENCES,ATRIPLA,143491-54-7,4728
EFAVIRENZ#EMTRICITABINE#TENOFOVIR_DISOPROXIL,GILEAD_SCIENCES,ATRIPLA,143491-57-0,4728
EFAVIRENZ#EMTRICITABINE#TENOFOVIR_DISOPROXIL,GILEAD_SCIENCES,ATRIPLA,143491-57-0,49219
EFAVIRENZ#EMTRICITABINE#TENOFOVIR_DISOPROXIL,GILEAD_SCIENCES,ATRIPLA,201341-05-1,49219
EFAVIRENZ#EMTRICITABINE#TENOFOVIR_DISOPROXIL,GILEAD_SCIENCES,ATRIPLA,143491-57-0,50038
EFAVIRENZ#EMTRICITABINE#TENOFOVIR_DISOPROXIL,GILEAD_SCIENCES,ATRIPLA,154598-52-4,50038
EFAVIRENZ#EMTRICITABINE#TENOFOVIR_DISOPROXIL,GILEAD_SCIENCES,ATRIPLA,201341-05-1,50038
EFAVIRENZ#EMTRICITABINE#TENOFOVIR_DISOPROXIL,GILEAD_SCIENCES,ATRIPLA,143491-57-0,62277
EFAVIRENZ#EMTRICITABINE#TENOFOVIR_DISOPROXIL,GILEAD_SCIENCES,ATRIPLA,201341-05-1,62277
EFAVIRENZ#EMTRICITABINE#TENOFOVIR_DISOPROXIL,GILEAD_SCIENCES,ATRIPLA,143491-57-0,63988
EFAVIRENZ#EMTRICITABINE#TENOFOVIR_DISOPROXIL,GILEAD_SCIENCES,ATRIPLA,201341-05-1,63988
EFAVIRENZ#EMTRICITABINE#TENOFOVIR_DISOPROXIL,GILEAD_SCIENCES,ATRIPLA,154598-52-4,65069
EFAVIRENZ#EMTRICITABINE#TENOFOVIR_DISOPROXIL,GILEAD_SCIENCES,ATRIPLA,201341-05-1,65069
EFAVIRENZ#EMTRICITABINE#TENOFOVIR_DISOPROXIL,GILEAD_SCIENCES,ATRIPLA,154598-52-4,109933
EFAVIRENZ#EMTRICITABINE#TENOFOVIR_DISOPROXIL,GILEAD_SCIENCES,ATRIPLA,201341-05-1,109933
EFAVIRENZ#LAMIVUDINE#TENOFOVIR_DISOPROXIL,MYLAN,SYMFI LO,134678-17-4,65069
EFAVIRENZ#LAMIVUDINE#TENOFOVIR_DISOPROXIL,MYLAN,SYMFI LO,154598-52-4,65069
EFAVIRENZ#LAMIVUDINE#TENOFOVIR_DISOPROXIL,MYLAN,SYMFI LO,201341-05-1,65069
EFAVIRENZ#LAMIVUDINE#TENOFOVIR_DISOPROXIL,MYLAN,SYMFI LO,134678-17-4,73625
EFAVIRENZ#LAMIVUDINE#TENOFOVIR_DISOPROXIL,MYLAN,SYMFI LO,201341-05-1,73625
EFAVIRENZ#LAMIVUDINE#TENOFOVIR_DISOPROXIL,MYLAN,SYMFI LO,134678-17-4,96077
EFAVIRENZ#LAMIVUDINE#TENOFOVIR_DISOPROXIL,MYLAN,SYMFI LO,201341-05-1,96077
EFAVIRENZ#LAMIVUDINE#TENOFOVIR_DISOPROXIL,MYLAN,SYMFI LO,134678-17-4,109933
EFAVIRENZ#LAMIVUDINE#TENOFOVIR_DISOPROXIL,MYLAN,SYMFI LO,154598-52-4,109933
EFAVIRENZ#LAMIVUDINE#TENOFOVIR_DISOPROXIL,MYLAN,SYMFI LO,201341-05-1,109933
EFAVIRENZ#LAMIVUDINE#TENOFOVIR_DISOPROXIL,MYLAN,SYMFI LO,134678-17-4,113752
EFAVIRENZ#LAMIVUDINE#TENOFOVIR_DISOPROXIL,MYLAN,SYMFI LO,201341-05-1,113752
EFAVIRENZ#LAMIVUDINE#TENOFOVIR_DISOPROXIL,MYLAN,SYMFI LO,154598-52-4,50038
EFAVIRENZ#LAMIVUDINE#TENOFOVIR_DISOPROXIL,MYLAN,SYMFI LO,201341-05-1,50038
ELBASVIR#GRAZOPREVIR,MERCK_&_CO,ZEPATIER,1350514-68-9,91016
ELBASVIR#GRAZOPREVIR,MERCK_&_CO,ZEPATIER,1370468-36-2,91016
EMPAGLIFLOZIN#LINAGLIPTIN,BOEHRINGER_INGEL,GLYXAMBI,668270-12-0,67953
EMPAGLIFLOZIN#LINAGLIPTIN,BOEHRINGER_INGEL,GLYXAMBI,864070-44-0,67953
EMPAGLIFLOZIN#METFORMIN,BOEHRINGER_INGEL,SYNJARDY,1115-70-4,6050
EMPAGLIFLOZIN#METFORMIN,BOEHRINGER_INGEL,SYNJARDY,657-24-9,6050
EMPAGLIFLOZIN#METFORMIN,BOEHRINGER_INGEL,SYNJARDY,1115-70-4,49077
EMPAGLIFLOZIN#METFORMIN,BOEHRINGER_INGEL,SYNJARDY,657-24-9,49077
EMPAGLIFLOZIN#METFORMIN,BOEHRINGER_INGEL,SYNJARDY,1115-70-4,49829
EMPAGLIFLOZIN#METFORMIN,BOEHRINGER_INGEL,SYNJARDY,657-24-9,49829
EMPAGLIFLOZIN#METFORMIN,BOEHRINGER_INGEL,SYNJARDY,657-24-9,68598
EMPAGLIFLOZIN#METFORMIN,BOEHRINGER_INGEL,SYNJARDY,864070-44-0,68598
EMTRICITABINE,GILEAD_SCIENCES,EMTRIVA,143491-54-7,4728
EMTRICITABINE,GILEAD_SCIENCES,EMTRIVA,143491-57-0,4728
EMTRICITABINE#RILPIVIRINE#TENOFOVIR_ALAFENAMIDE,GILEAD_SCIENCES,ODEFSEY,143491-54-7,4728
EMTRICITABINE#RILPIVIRINE#TENOFOVIR_ALAFENAMIDE,GILEAD_SCIENCES,ODEFSEY,143491-57-0,4728
EMTRICITABINE#RILPIVIRINE#TENOFOVIR_ALAFENAMIDE,GILEAD_SCIENCES,ODEFSEY,143491-57-0,63988
EMTRICITABINE#RILPIVIRINE#TENOFOVIR_ALAFENAMIDE,GILEAD_SCIENCES,ODEFSEY,500287-72-9,63988
EMTRICITABINE#RILPIVIRINE#TENOFOVIR_ALAFENAMIDE,GILEAD_SCIENCES,ODEFSEY,143491-57-0,72153
EMTRICITABINE#RILPIVIRINE#TENOFOVIR_ALAFENAMIDE,GILEAD_SCIENCES,ODEFSEY,379270-37-8,72153
EMTRICITABINE#RILPIVIRINE#TENOFOVIR_ALAFENAMIDE,GILEAD_SCIENCES,ODEFSEY,143491-57-0,75324
EMTRICITABINE#RILPIVIRINE#TENOFOVIR_ALAFENAMIDE,GILEAD_SCIENCES,ODEFSEY,379270-37-8,75324
EMTRICITABINE#RILPIVIRINE#TENOFOVIR_ALAFENAMIDE,GILEAD_SCIENCES,ODEFSEY,143491-57-0,94396
EMTRICITABINE#RILPIVIRINE#TENOFOVIR_ALAFENAMIDE,GILEAD_SCIENCES,ODEFSEY,379270-37-8,94396
EMTRICITABINE#RILPIVIRINE#TENOFOVIR_ALAFENAMIDE,GILEAD_SCIENCES,ODEFSEY,500287-72-9,94396
EMTRICITABINE#RILPIVIRINE#TENOFOVIR_ALAFENAMIDE,GILEAD_SCIENCES,ODEFSEY,143491-57-0,95280
EMTRICITABINE#RILPIVIRINE#TENOFOVIR_ALAFENAMIDE,GILEAD_SCIENCES,ODEFSEY,379270-37-8,95280
EMTRICITABINE#RILPIVIRINE#TENOFOVIR_ALAFENAMIDE,GILEAD_SCIENCES,ODEFSEY,143491-57-0,100097
EMTRICITABINE#RILPIVIRINE#TENOFOVIR_ALAFENAMIDE,GILEAD_SCIENCES,ODEFSEY,379270-37-8,100097
EMTRICITABINE#RILPIVIRINE#TENOFOVIR_DISOPROXIL,GILEAD_SCIENCES,COMPLERA,143491-54-7,4728
EMTRICITABINE#RILPIVIRINE#TENOFOVIR_DISOPROXIL,GILEAD_SCIENCES,COMPLERA,143491-57-0,4728
EMTRICITABINE#RILPIVIRINE#TENOFOVIR_DISOPROXIL,GILEAD_SCIENCES,COMPLERA,143491-57-0,49219
EMTRICITABINE#RILPIVIRINE#TENOFOVIR_DISOPROXIL,GILEAD_SCIENCES,COMPLERA,201341-05-1,49219
EMTRICITABINE#RILPIVIRINE#TENOFOVIR_DISOPROXIL,GILEAD_SCIENCES,COMPLERA,143491-57-0,50038
EMTRICITABINE#RILPIVIRINE#TENOFOVIR_DISOPROXIL,GILEAD_SCIENCES,COMPLERA,201341-05-1,50038
EMTRICITABINE#RILPIVIRINE#TENOFOVIR_DISOPROXIL,GILEAD_SCIENCES,COMPLERA,143491-57-0,62277
EMTRICITABINE#RILPIVIRINE#TENOFOVIR_DISOPROXIL,GILEAD_SCIENCES,COMPLERA,201341-05-1,62277
EMTRICITABINE#RILPIVIRINE#TENOFOVIR_DISOPROXIL,GILEAD_SCIENCES,COMPLERA,143491-57-0,63988
EMTRICITABINE#RILPIVIRINE#TENOFOVIR_DISOPROXIL,GILEAD_SCIENCES,COMPLERA,201341-05-1,63988
EMTRICITABINE#RILPIVIRINE#TENOFOVIR_DISOPROXIL,GILEAD_SCIENCES,COMPLERA,500287-72-9,63988
EMTRICITABINE#RILPIVIRINE#TENOFOVIR_DISOPROXIL,GILEAD_SCIENCES,COMPLERA,143491-57-0,94396
EMTRICITABINE#RILPIVIRINE#TENOFOVIR_DISOPROXIL,GILEAD_SCIENCES,COMPLERA,500287-72-9,94396
EMTRICITABINE#TENOFOVIR_ALAFENAMIDE,GILEAD_SCIENCES,DESCOVY,143491-54-7,4728
EMTRICITABINE#TENOFOVIR_ALAFENAMIDE,GILEAD_SCIENCES,DESCOVY,143491-57-0,4728
EMTRICITABINE#TENOFOVIR_ALAFENAMIDE,GILEAD_SCIENCES,DESCOVY,143491-57-0,72153
EMTRICITABINE#TENOFOVIR_ALAFENAMIDE,GILEAD_SCIENCES,DESCOVY,379270-37-8,72153
EMTRICITABINE#TENOFOVIR_ALAFENAMIDE,GILEAD_SCIENCES,DESCOVY,143491-57-0,75324
EMTRICITABINE#TENOFOVIR_ALAFENAMIDE,GILEAD_SCIENCES,DESCOVY,379270-37-8,75324
EMTRICITABINE#TENOFOVIR_ALAFENAMIDE,GILEAD_SCIENCES,DESCOVY,143491-57-0,94396
EMTRICITABINE#TENOFOVIR_ALAFENAMIDE,GILEAD_SCIENCES,DESCOVY,379270-37-8,94396
EMTRICITABINE#TENOFOVIR_ALAFENAMIDE,GILEAD_SCIENCES,DESCOVY,143491-57-0,95280
EMTRICITABINE#TENOFOVIR_ALAFENAMIDE,GILEAD_SCIENCES,DESCOVY,379270-37-8,95280
EMTRICITABINE#TENOFOVIR_ALAFENAMIDE,GILEAD_SCIENCES,DESCOVY,143491-57-0,100097
EMTRICITABINE#TENOFOVIR_ALAFENAMIDE,GILEAD_SCIENCES,DESCOVY,379270-37-8,100097
EMTRICITABINE#TENOFOVIR_DISOPROXIL,GILEAD_SCIENCES,TRUVADA,143491-54-7,4728
EMTRICITABINE#TENOFOVIR_DISOPROXIL,GILEAD_SCIENCES,TRUVADA,143491-57-0,4728
EMTRICITABINE#TENOFOVIR_DISOPROXIL,GILEAD_SCIENCES,TRUVADA,143491-57-0,49219
EMTRICITABINE#TENOFOVIR_DISOPROXIL,GILEAD_SCIENCES,TRUVADA,201341-05-1,49219
EMTRICITABINE#TENOFOVIR_DISOPROXIL,GILEAD_SCIENCES,TRUVADA,143491-57-0,50038
EMTRICITABINE#TENOFOVIR_DISOPROXIL,GILEAD_SCIENCES,TRUVADA,201341-05-1,50038
EMTRICITABINE#TENOFOVIR_DISOPROXIL,GILEAD_SCIENCES,TRUVADA,143491-57-0,62277
EMTRICITABINE#TENOFOVIR_DISOPROXIL,GILEAD_SCIENCES,TRUVADA,201341-05-1,62277
EMTRICITABINE#TENOFOVIR_DISOPROXIL,GILEAD_SCIENCES,TRUVADA,143491-57-0,63988
EMTRICITABINE#TENOFOVIR_DISOPROXIL,GILEAD_SCIENCES,TRUVADA,201341-05-1,63988
ENALAPRIL#HYDROCHLOROTHIAZIDE,BAUSCH_HEALTH,VASERETIC,58-93-5,52092
ENALAPRIL#HYDROCHLOROTHIAZIDE,BAUSCH_HEALTH,VASERETIC,75847-73-3,52092
ERTAPENEM,MERCK_&_CO,INVANZ,153773-82-1,12543
ERTAPENEM,MERCK_&_CO,INVANZ,153832-46-3,12543
ERTUGLIFLOZIN#METFORMIN,MERCK_&_CO,SEGLUROMET,1115-70-4,6050
ERTUGLIFLOZIN#METFORMIN,MERCK_&_CO,SEGLUROMET,657-24-9,6050
ERTUGLIFLOZIN#METFORMIN,MERCK_&_CO,SEGLUROMET,1115-70-4,49077
ERTUGLIFLOZIN#METFORMIN,MERCK_&_CO,SEGLUROMET,657-24-9,49077
ERTUGLIFLOZIN#METFORMIN,MERCK_&_CO,SEGLUROMET,1115-70-4,49829
ERTUGLIFLOZIN#METFORMIN,MERCK_&_CO,SEGLUROMET,657-24-9,49829
ERTUGLIFLOZIN#METFORMIN,MERCK_&_CO,SEGLUROMET,1210344-57-2,84865
ERTUGLIFLOZIN#METFORMIN,MERCK_&_CO,SEGLUROMET,657-24-9,84865
ERTUGLIFLOZIN#SITAGLIPTIN,MERCK_&_CO,STEGLUJAN,1210344-57-2,84869
ERTUGLIFLOZIN#SITAGLIPTIN,MERCK_&_CO,STEGLUJAN,486460-32-6,84869
ESOMEPRAZOLE#NAPROXEN,HORIZON_PHARMA,VIMOVO,119141-88-7,55828
ESOMEPRAZOLE#NAPROXEN,HORIZON_PHARMA,VIMOVO,22204-53-1,55828
ESTRADIOL#LEVONORGESTREL,BAYER,CLIMARA PRO,50-28-2,22274
ESTRADIOL#LEVONORGESTREL,BAYER,CLIMARA PRO,797-63-7,22274
ESTRADIOL#PROGESTERONE,THERAPEUTIC_MD,BIJUVA,50-28-2,85865
ESTRADIOL#PROGESTERONE,THERAPEUTIC_MD,BIJUVA,57-83-0,85865
ETHINYLESTRADIOL#ETONOGESTREL,MERCK_&_CO,NUVARING,54048-10-1,13615
ETHINYLESTRADIOL#ETONOGESTREL,MERCK_&_CO,NUVARING,57-63-6,13615
ETHINYLESTRADIOL#IRON_FERROUS#LEVONORGESTREL,AVION_PHARMA,BALCOLTRA,57-63-6,12170
ETHINYLESTRADIOL#IRON_FERROUS#LEVONORGESTREL,AVION_PHARMA,BALCOLTRA,797-63-7,12170
ETHINYLESTRADIOL#IRON_FERROUS#LEVONORGESTREL,AVION_PHARMA,BALCOLTRA,57-63-6,14954
ETHINYLESTRADIOL#IRON_FERROUS#LEVONORGESTREL,AVION_PHARMA,BALCOLTRA,797-63-7,14954
ETHINYLESTRADIOL#IRON_FERROUS#LEVONORGESTREL,AVION_PHARMA,BALCOLTRA,57-63-6,37956
ETHINYLESTRADIOL#IRON_FERROUS#LEVONORGESTREL,AVION_PHARMA,BALCOLTRA,797-63-7,37956
ETHINYLESTRADIOL#IRON_FERROUS#LEVONORGESTREL,AVION_PHARMA,BALCOLTRA,57-63-6,37957
ETHINYLESTRADIOL#IRON_FERROUS#LEVONORGESTREL,AVION_PHARMA,BALCOLTRA,797-63-7,37957
ETHINYLESTRADIOL#IRON_FERROUS#LEVONORGESTREL,AVION_PHARMA,BALCOLTRA,57-63-6,46921
ETHINYLESTRADIOL#IRON_FERROUS#LEVONORGESTREL,AVION_PHARMA,BALCOLTRA,797-63-7,46921
ETHINYLESTRADIOL#IRON_FERROUS#LEVONORGESTREL,AVION_PHARMA,BALCOLTRA,57-63-6,53557
ETHINYLESTRADIOL#IRON_FERROUS#LEVONORGESTREL,AVION_PHARMA,BALCOLTRA,797-63-7,53557
ETHINYLESTRADIOL#IRON_FERROUS#LEVONORGESTREL,AVION_PHARMA,BALCOLTRA,57-63-6,63268
ETHINYLESTRADIOL#IRON_FERROUS#LEVONORGESTREL,AVION_PHARMA,BALCOLTRA,797-63-7,63268
ETHINYLESTRADIOL#IRON_FERROUS#LEVONORGESTREL,AVION_PHARMA,BALCOLTRA,57-63-6,109108
ETHINYLESTRADIOL#IRON_FERROUS#LEVONORGESTREL,AVION_PHARMA,BALCOLTRA,797-63-7,109108
ETHINYLESTRADIOL#IRON_FERROUS#NORETHISTERONE,TEVA,LOESTRIN FE 1/20-2,57-63-6,46282
ETHINYLESTRADIOL#IRON_FERROUS#NORETHISTERONE,TEVA,LOESTRIN FE 1/20-2,68-22-4,46282
ETHINYLESTRADIOL#IRON_FERROUS#NORETHISTERONE,TEVA,LOESTRIN FE 1/20-2,57-63-6,46926
ETHINYLESTRADIOL#IRON_FERROUS#NORETHISTERONE,TEVA,LOESTRIN FE 1/20-2,68-22-4,46926
ETHINYLESTRADIOL#IRON_FERROUS#NORETHISTERONE,TEVA,LOESTRIN FE 1/20-2,57-63-6,46935
ETHINYLESTRADIOL#IRON_FERROUS#NORETHISTERONE,TEVA,LOESTRIN FE 1/20-2,68-22-4,46935
ETHINYLESTRADIOL#IRON_FERROUS#NORETHISTERONE,TEVA,LOESTRIN FE 1/20-2,57-63-6,63014
ETHINYLESTRADIOL#IRON_FERROUS#NORETHISTERONE,TEVA,LOESTRIN FE 1/20-2,68-22-4,63014
ETHINYLESTRADIOL#IRON_FERROUS#NORETHISTERONE,TEVA,LOESTRIN FE 1/20-2,57-63-6,64446
ETHINYLESTRADIOL#IRON_FERROUS#NORETHISTERONE,TEVA,LOESTRIN FE 1/20-2,68-22-4,64446
ETHINYLESTRADIOL#LEVONORGESTREL,TEVA,QUARTETTE,57-63-6,12170
ETHINYLESTRADIOL#LEVONORGESTREL,TEVA,QUARTETTE,797-63-7,12170
ETHINYLESTRADIOL#LEVONORGESTREL,TEVA,QUARTETTE,57-63-6,14954
ETHINYLESTRADIOL#LEVONORGESTREL,TEVA,QUARTETTE,797-63-7,14954
ETHINYLESTRADIOL#LEVONORGESTREL,TEVA,QUARTETTE,57-63-6,37956
ETHINYLESTRADIOL#LEVONORGESTREL,TEVA,QUARTETTE,797-63-7,37956
ETHINYLESTRADIOL#LEVONORGESTREL,TEVA,QUARTETTE,57-63-6,37957
ETHINYLESTRADIOL#LEVONORGESTREL,TEVA,QUARTETTE,797-63-7,37957
ETHINYLESTRADIOL#LEVONORGESTREL,TEVA,QUARTETTE,57-63-6,46921
ETHINYLESTRADIOL#LEVONORGESTREL,TEVA,QUARTETTE,797-63-7,46921
ETHINYLESTRADIOL#LEVONORGESTREL,TEVA,QUARTETTE,57-63-6,53557
ETHINYLESTRADIOL#LEVONORGESTREL,TEVA,QUARTETTE,797-63-7,53557
ETHINYLESTRADIOL#LEVONORGESTREL,TEVA,QUARTETTE,57-63-6,63268
ETHINYLESTRADIOL#LEVONORGESTREL,TEVA,QUARTETTE,797-63-7,63268
ETHINYLESTRADIOL#LEVONORGESTREL,TEVA,QUARTETTE,57-63-6,109108
ETHINYLESTRADIOL#LEVONORGESTREL,TEVA,QUARTETTE,797-63-7,109108
ETHINYLESTRADIOL#NORGESTIMATE,JOHNSON_&_JOHNSON,ORTHO-TRI-CYCLEN,35189-28-7,12171
ETHINYLESTRADIOL#NORGESTIMATE,JOHNSON_&_JOHNSON,ORTHO-TRI-CYCLEN,57-63-6,12171
ETIDRONIC_ACID,ALLERGAN,DIDRONEL,2809-21-4,3071
ETIDRONIC_ACID,ALLERGAN,DIDRONEL,7414-83-7,3071
EZETIMIBE#SIMVASTATIN,MERCK_&_CO,VYTORIN,163222-33-1,34501
EZETIMIBE#SIMVASTATIN,MERCK_&_CO,VYTORIN,79902-63-9,34501
FAMOTIDINE#IBUPROFEN,HORIZON_PHARMA,DUEXIS,15687-27-1,56576
FAMOTIDINE#IBUPROFEN,HORIZON_PHARMA,DUEXIS,76824-35-6,56576
FENOLDOPAM,PFIZER,CORLOPAM,67227-56-9,3119
FENOLDOPAM,PFIZER,CORLOPAM,67227-57-0,3119
FESOTERODINE,PFIZER,TOVIAZ,286930-02-7,17847
FESOTERODINE,PFIZER,TOVIAZ,286930-03-8,17847
FEXOFENADINE#PSEUDOEPHEDRINE,SANOFI,ALLEGRA-D,83799-24-0,48398
FEXOFENADINE#PSEUDOEPHEDRINE,SANOFI,ALLEGRA-D,90-82-4,48398
FLUOXETINE#OLANZAPINE,LILLY,SYMBYAX,132539-06-1,39769
FLUOXETINE#OLANZAPINE,LILLY,SYMBYAX,54910-89-3,39769
FLUTICASONE_FUROATE#UMECLIDINIUM_BROMIDE#VILANTEROL,GLAXOSMITHKLINE,TRELEGY ELLIPTA,397864-44-7,59060
FLUTICASONE_FUROATE#UMECLIDINIUM_BROMIDE#VILANTEROL,GLAXOSMITHKLINE,TRELEGY ELLIPTA,503068-34-6,59060
FLUTICASONE_FUROATE#UMECLIDINIUM_BROMIDE#VILANTEROL,GLAXOSMITHKLINE,TRELEGY ELLIPTA,397864-44-7,85008
FLUTICASONE_FUROATE#UMECLIDINIUM_BROMIDE#VILANTEROL,GLAXOSMITHKLINE,TRELEGY ELLIPTA,503068-34-6,85008
FLUVASTATIN,NOVARTIS,LESCOL,93957-54-1,3160
FLUVASTATIN,NOVARTIS,LESCOL,93957-55-2,3160
FLUVASTATIN,NOVARTIS,LESCOL,93957-54-1,91576
FLUVASTATIN,NOVARTIS,LESCOL,93957-55-2,91576
FORMOTEROL#GLYCOPYRRONIUM,ASTRAZENECA,BEVESPI AEROSPHERE,596-51-0,34139
FORMOTEROL#GLYCOPYRRONIUM,ASTRAZENECA,BEVESPI AEROSPHERE,740028-90-4,34139
FORMOTEROL#GLYCOPYRRONIUM,ASTRAZENECA,BEVESPI AEROSPHERE,596-51-0,41417
FORMOTEROL#GLYCOPYRRONIUM,ASTRAZENECA,BEVESPI AEROSPHERE,740028-90-4,41417
FORMOTEROL#GLYCOPYRRONIUM,ASTRAZENECA,BEVESPI AEROSPHERE,596-51-0,65415
FORMOTEROL#GLYCOPYRRONIUM,ASTRAZENECA,BEVESPI AEROSPHERE,740028-90-4,65415
FORMOTEROL#GLYCOPYRRONIUM,ASTRAZENECA,BEVESPI AEROSPHERE,73573-87-2,63702
FORMOTEROL#GLYCOPYRRONIUM,ASTRAZENECA,BEVESPI AEROSPHERE,740028-90-4,63702
FORMOTEROL#MOMETASONE,MERCK_&_CO,DULERA,105102-22-5,55921
FORMOTEROL#MOMETASONE,MERCK_&_CO,DULERA,73573-87-2,55921
FOSINOPRIL#HYDROCHLOROTHIAZIDE,BRISTOL-MYERS_SQB.,ELIDIUR,58-93-5,70342
FOSINOPRIL#HYDROCHLOROTHIAZIDE,BRISTOL-MYERS_SQB.,ELIDIUR,98048-97-6,70342
FOSPROPOFOL,EISAI,LUSEDRA,258516-87-9,51336
FOSPROPOFOL,EISAI,LUSEDRA,258516-89-1,51336
GLECAPREVIR#PIBRENTASVIR,ABBVIE,MAVIRET,1353900-92-1,101531
GLECAPREVIR#PIBRENTASVIR,ABBVIE,MAVIRET,1365970-03-1,101531
GLIMEPIRIDE#PIOGLITAZONE,TAKEDA,DUETACT,111025-46-8,4126
GLIMEPIRIDE#PIOGLITAZONE,TAKEDA,DUETACT,112529-15-4,4126
GLIMEPIRIDE#PIOGLITAZONE,TAKEDA,DUETACT,111025-46-8,53522
GLIMEPIRIDE#PIOGLITAZONE,TAKEDA,DUETACT,93479-97-1,53522
GLIMEPIRIDE#ROSIGLITAZONE,GLAXOSMITHKLINE,AVANDARYL,122320-73-4,48179
GLIMEPIRIDE#ROSIGLITAZONE,GLAXOSMITHKLINE,AVANDARYL,93479-97-1,48179
GLIPIZIDE#METFORMIN,BRISTOL-MYERS_SQB.,METAGLIP,1115-70-4,6050
GLIPIZIDE#METFORMIN,BRISTOL-MYERS_SQB.,METAGLIP,657-24-9,6050
GLIPIZIDE#METFORMIN,BRISTOL-MYERS_SQB.,METAGLIP,1115-70-4,49077
GLIPIZIDE#METFORMIN,BRISTOL-MYERS_SQB.,METAGLIP,657-24-9,49077
GLIPIZIDE#METFORMIN,BRISTOL-MYERS_SQB.,METAGLIP,1115-70-4,49829
GLIPIZIDE#METFORMIN,BRISTOL-MYERS_SQB.,METAGLIP,657-24-9,49829
GLYCOPYRRONIUM,SUMITOMO_DAINIPPON,LONHALA MAGNAIR,596-51-0,34139
GLYCOPYRRONIUM,SUMITOMO_DAINIPPON,LONHALA MAGNAIR,740028-90-4,34139
GLYCOPYRRONIUM,SUMITOMO_DAINIPPON,LONHALA MAGNAIR,596-51-0,41417
GLYCOPYRRONIUM,SUMITOMO_DAINIPPON,LONHALA MAGNAIR,740028-90-4,41417
GLYCOPYRRONIUM,SUMITOMO_DAINIPPON,LONHALA MAGNAIR,596-51-0,65415
GLYCOPYRRONIUM,SUMITOMO_DAINIPPON,LONHALA MAGNAIR,740028-90-4,65415
HYDRALAZINE#ISOSORBIDE_DINITRATE,ARBOR_PHARM,BIDIL,86-54-4,13008
HYDRALAZINE#ISOSORBIDE_DINITRATE,ARBOR_PHARM,BIDIL,87-33-2,13008
HYDROCHLOROTHIAZIDE#IRBESARTAN,SANOFI,COAPROVEL,138402-11-6,24189
HYDROCHLOROTHIAZIDE#IRBESARTAN,SANOFI,COAPROVEL,58-93-5,24189
HYDROCHLOROTHIAZIDE#LISINOPRIL,ALVOGEN,ZESTORETIC,58-93-5,69924
HYDROCHLOROTHIAZIDE#LISINOPRIL,ALVOGEN,ZESTORETIC,76547-98-3,69924
HYDROCHLOROTHIAZIDE#LOSARTAN,MERCK_&_CO,HYZAAR,114798-26-4,3517
HYDROCHLOROTHIAZIDE#LOSARTAN,MERCK_&_CO,HYZAAR,58-93-5,3517
HYDROCHLOROTHIAZIDE#LOSARTAN,MERCK_&_CO,HYZAAR,114798-26-4,70334
HYDROCHLOROTHIAZIDE#LOSARTAN,MERCK_&_CO,HYZAAR,58-93-5,70334
HYDROCHLOROTHIAZIDE#TELMISARTAN,BOEHRINGER_INGEL,MICARDIS HCT,144701-48-4,70337
HYDROCHLOROTHIAZIDE#TELMISARTAN,BOEHRINGER_INGEL,MICARDIS HCT,58-93-5,70337
HYDROCHLOROTHIAZIDE#VALSARTAN,NOVARTIS,CO-DIOVAN,137862-53-4,16073
HYDROCHLOROTHIAZIDE#VALSARTAN,NOVARTIS,CO-DIOVAN,58-93-5,16073
HYDROCHLOROTHIAZIDE#VALSARTAN,NOVARTIS,CO-DIOVAN,137862-53-4,70525
HYDROCHLOROTHIAZIDE#VALSARTAN,NOVARTIS,CO-DIOVAN,58-93-5,70525
HYDROCODONE#IBUPROFEN,ABBVIE,VICOPROFEN,125-29-1,16896
HYDROCODONE#IBUPROFEN,ABBVIE,VICOPROFEN,15687-27-1,16896
IBUPROFEN#OXYCODONE,ALLERGAN,COMBUNOX,15687-27-1,10490
IBUPROFEN#OXYCODONE,ALLERGAN,COMBUNOX,76-42-6,10490
IBUTILIDE,PFIZER,CORVERT,122647-31-8,3307
IBUTILIDE,PFIZER,CORVERT,122647-32-9,3307
IPRATROPIUM_BROMIDE#SALBUTAMOL,BOEHRINGER_INGEL,COMBIVENT,18559-94-9,44415
IPRATROPIUM_BROMIDE#SALBUTAMOL,BOEHRINGER_INGEL,COMBIVENT,22254-24-6,44415
IRINOTECAN,PFIZER,CAMPTOSAR,100286-90-6,2871
IRINOTECAN,PFIZER,CAMPTOSAR,97682-44-5,2871
IVACAFTOR#LUMACAFTOR,VERTEX_PHARMA,ORKAMBI,873054-44-5,83569
IVACAFTOR#LUMACAFTOR,VERTEX_PHARMA,ORKAMBI,936727-05-8,83569
IVACAFTOR#TEZACAFTOR,VERTEX_PHARMA,SYMDEKO,1152311-62-0,70904
IVACAFTOR#TEZACAFTOR,VERTEX_PHARMA,SYMDEKO,873054-44-5,70904
KETOROLAC#PHENYLEPHRINE,OMEROS_CORP,OMIDRIA,59-42-7,59416
KETOROLAC#PHENYLEPHRINE,OMEROS_CORP,OMIDRIA,74103-06-3,59416
LAMIVUDINE#ZIDOVUDINE,GLAXOSMITHKLINE,COMBIVIR,134678-17-4,16696
LAMIVUDINE#ZIDOVUDINE,GLAXOSMITHKLINE,COMBIVIR,30516-87-1,16696
LAMIVUDINE#ZIDOVUDINE,GLAXOSMITHKLINE,COMBIVIR,134678-17-4,26574
LAMIVUDINE#ZIDOVUDINE,GLAXOSMITHKLINE,COMBIVIR,30516-87-1,26574
LAPATINIB,NOVARTIS,TYKERB,231277-92-2,33591
LAPATINIB,NOVARTIS,TYKERB,388082-78-8,33591
LEDIPASVIR#SOFOSBUVIR,GILEAD_SCIENCES,HARVONI,1190307-88-0,79811
LEDIPASVIR#SOFOSBUVIR,GILEAD_SCIENCES,HARVONI,1256388-51-8,79811
LIDOCAINE#TETRACAINE,GALEN,SYNERA,137-58-6,54738
LIDOCAINE#TETRACAINE,GALEN,SYNERA,94-24-6,54738
LIDOCAINE#TETRACAINE,GALEN,SYNERA,137-58-6,54740
LIDOCAINE#TETRACAINE,GALEN,SYNERA,94-24-6,54740
LINAGLIPTIN#METFORMIN,BOEHRINGER_INGEL,JENTADUETO,1115-70-4,6050
LINAGLIPTIN#METFORMIN,BOEHRINGER_INGEL,JENTADUETO,657-24-9,6050
LINAGLIPTIN#METFORMIN,BOEHRINGER_INGEL,JENTADUETO,1115-70-4,49077
LINAGLIPTIN#METFORMIN,BOEHRINGER_INGEL,JENTADUETO,657-24-9,49077
LINAGLIPTIN#METFORMIN,BOEHRINGER_INGEL,JENTADUETO,1115-70-4,49829
LINAGLIPTIN#METFORMIN,BOEHRINGER_INGEL,JENTADUETO,657-24-9,49829
LINAGLIPTIN#METFORMIN,BOEHRINGER_INGEL,JENTADUETO,657-24-9,68567
LINAGLIPTIN#METFORMIN,BOEHRINGER_INGEL,JENTADUETO,668270-12-0,68567
LOPINAVIR#RITONAVIR,ABBVIE,KALETRA,155213-67-5,14681
LOPINAVIR#RITONAVIR,ABBVIE,KALETRA,192725-17-0,14681
LOTEPREDNOL#TOBRAMYCIN,BAUSCH_HEALTH,ZYLET,32986-56-4,12784
LOTEPREDNOL#TOBRAMYCIN,BAUSCH_HEALTH,ZYLET,82034-46-6,12784
LOVASTATIN#NICOTINIC_ACID,ABBVIE,ADVICOR,59-67-6,18206
LOVASTATIN#NICOTINIC_ACID,ABBVIE,ADVICOR,75330-75-5,18206
MEQUINOL#TRETINOIN,GLAXOSMITHKLINE,SOLAGE,150-76-5,51632
MEQUINOL#TRETINOIN,GLAXOSMITHKLINE,SOLAGE,302-79-4,51632
MEROPENEM,PFIZER,MERREM,119478-56-7,3616
MEROPENEM,PFIZER,MERREM,96036-03-2,3616
MEROPENEM#VABORBACTAM,MELINTA_THERAPEUT,VABOMERE,119478-56-7,3616
MEROPENEM#VABORBACTAM,MELINTA_THERAPEUT,VABOMERE,96036-03-2,3616
MEROPENEM#VABORBACTAM,MELINTA_THERAPEUT,VABOMERE,1360457-46-0,93582
MEROPENEM#VABORBACTAM,MELINTA_THERAPEUT,VABOMERE,96036-03-2,93582
METFORMIN#REPAGLINIDE,NOVO_NORDISK,PRANDIMET,1115-70-4,6050
METFORMIN#REPAGLINIDE,NOVO_NORDISK,PRANDIMET,657-24-9,6050
METFORMIN#REPAGLINIDE,NOVO_NORDISK,PRANDIMET,1115-70-4,49077
METFORMIN#REPAGLINIDE,NOVO_NORDISK,PRANDIMET,657-24-9,49077
METFORMIN#REPAGLINIDE,NOVO_NORDISK,PRANDIMET,1115-70-4,49829
METFORMIN#REPAGLINIDE,NOVO_NORDISK,PRANDIMET,657-24-9,49829
METFORMIN#REPAGLINIDE,NOVO_NORDISK,PRANDIMET,135062-02-1,56555
METFORMIN#REPAGLINIDE,NOVO_NORDISK,PRANDIMET,657-24-9,56555
METFORMIN#SAXAGLIPTIN,ASTRAZENECA,KOMBIGLYZE,1115-70-4,6050
METFORMIN#SAXAGLIPTIN,ASTRAZENECA,KOMBIGLYZE,657-24-9,6050
METFORMIN#SAXAGLIPTIN,ASTRAZENECA,KOMBIGLYZE,1115-70-4,49077
METFORMIN#SAXAGLIPTIN,ASTRAZENECA,KOMBIGLYZE,657-24-9,49077
METFORMIN#SAXAGLIPTIN,ASTRAZENECA,KOMBIGLYZE,1115-70-4,49829
METFORMIN#SAXAGLIPTIN,ASTRAZENECA,KOMBIGLYZE,657-24-9,49829
METFORMIN#SAXAGLIPTIN,ASTRAZENECA,KOMBIGLYZE,361442-04-8,44417
METFORMIN#SAXAGLIPTIN,ASTRAZENECA,KOMBIGLYZE,945667-22-1,44417
METFORMIN#SAXAGLIPTIN,ASTRAZENECA,KOMBIGLYZE,361442-04-8,59100
METFORMIN#SAXAGLIPTIN,ASTRAZENECA,KOMBIGLYZE,657-24-9,59100
METFORMIN#SAXAGLIPTIN,ASTRAZENECA,KOMBIGLYZE,361442-04-8,93902
METFORMIN#SAXAGLIPTIN,ASTRAZENECA,KOMBIGLYZE,657-24-9,93902
METFORMIN#SITAGLIPTIN,MERCK_&_CO,JANUMET,1115-70-4,6050
METFORMIN#SITAGLIPTIN,MERCK_&_CO,JANUMET,657-24-9,6050
METFORMIN#SITAGLIPTIN,MERCK_&_CO,JANUMET,1115-70-4,49077
METFORMIN#SITAGLIPTIN,MERCK_&_CO,JANUMET,657-24-9,49077
METFORMIN#SITAGLIPTIN,MERCK_&_CO,JANUMET,1115-70-4,49829
METFORMIN#SITAGLIPTIN,MERCK_&_CO,JANUMET,657-24-9,49829
METFORMIN#SITAGLIPTIN,MERCK_&_CO,JANUMET,486460-32-6,54657
METFORMIN#SITAGLIPTIN,MERCK_&_CO,JANUMET,657-24-9,54657
MORPHINE#NALTREXONE,PFIZER,EMBEDA,16590-41-3,54244
MORPHINE#NALTREXONE,PFIZER,EMBEDA,57-27-2,54244
NAPROXEN#SUMATRIPTAN,PERNIX,TREXIMET,103628-46-2,31482
NAPROXEN#SUMATRIPTAN,PERNIX,TREXIMET,22204-53-1,31482
NEBIVOLOL#VALSARTAN,ALLERGAN,BYVALSON,118457-14-0,75647
NEBIVOLOL#VALSARTAN,ALLERGAN,BYVALSON,137862-53-4,75647
NEFAZODONE,BRISTOL-MYERS_SQB.,SERZONE,82752-99-6,3690
NEFAZODONE,BRISTOL-MYERS_SQB.,SERZONE,83366-66-9,3690
NETUPITANT#PALONOSETRON,HELSINN_CORP,AKYNZEO,135729-61-2,66796
NETUPITANT#PALONOSETRON,HELSINN_CORP,AKYNZEO,290297-26-6,66796
NETUPITANT#PALONOSETRON,HELSINN_CORP,AKYNZEO,135729-61-2,66798
NETUPITANT#PALONOSETRON,HELSINN_CORP,AKYNZEO,290297-26-6,66798
OLODATEROL#TIOTROPIUM_BROMIDE,BOEHRINGER_INGEL,STIOLTO RESPIMAT,136310-93-5,61047
OLODATEROL#TIOTROPIUM_BROMIDE,BOEHRINGER_INGEL,STIOLTO RESPIMAT,868049-49-4,61047
OMBITASVIR#PARITAPREVIR#RITONAVIR,ABBVIE,VIEKIRAX,1216941-48-8,81782
OMBITASVIR#PARITAPREVIR#RITONAVIR,ABBVIE,VIEKIRAX,1258226-87-7,81782
OMBITASVIR#PARITAPREVIR#RITONAVIR,ABBVIE,VIEKIRAX,155213-67-5,81782
OMBITASVIR#PARITAPREVIR#RITONAVIR,ABBVIE,VIEKIRAX,1216941-48-8,100124
OMBITASVIR#PARITAPREVIR#RITONAVIR,ABBVIE,VIEKIRAX,1258226-87-7,100124
OMBITASVIR#PARITAPREVIR#RITONAVIR,ABBVIE,VIEKIRAX,155213-67-5,100124
OSELTAMIVIR,ROCHE,TAMIFLU,196618-13-0,13460
OSELTAMIVIR,ROCHE,TAMIFLU,204255-11-8,13460
OXYCODONE#PARACETAMOL,ENDO_INTERNATIONAL,PERCOCET,103-90-2,50457
OXYCODONE#PARACETAMOL,ENDO_INTERNATIONAL,PERCOCET,76-42-6,50457
OXYCODONE#PARACETAMOL,ENDO_INTERNATIONAL,PERCOCET,103-90-2,68852
OXYCODONE#PARACETAMOL,ENDO_INTERNATIONAL,PERCOCET,76-42-6,68852
PARACETAMOL#TRAMADOL,JOHNSON_&_JOHNSON,ULTRACET,103-90-2,48479
PARACETAMOL#TRAMADOL,JOHNSON_&_JOHNSON,ULTRACET,27203-92-5,48479
PERINDOPRIL,SYMPLMED_PHARMA,ACEON,107133-36-8,17745
PERINDOPRIL,SYMPLMED_PHARMA,ACEON,82834-16-0,17745
PHENTERMINE#TOPIRAMATE,VIVUS,QSYMIA,122-09-8,55369
PHENTERMINE#TOPIRAMATE,VIVUS,QSYMIA,97240-79-4,55369
PIOGLITAZONE,TAKEDA,ACTOS,111025-46-8,4126
PIOGLITAZONE,TAKEDA,ACTOS,112529-15-4,4126
PIPERACILLIN#TAZOBACTAM,PFIZER,TAZOCIN,61477-96-1,29446
PIPERACILLIN#TAZOBACTAM,PFIZER,TAZOCIN,89786-04-9,29446
RIZATRIPTAN,MERCK_&_CO,MAXALT,144034-80-0,5328
RIZATRIPTAN,MERCK_&_CO,MAXALT,145202-66-0,5328
SACUBITRIL#VALSARTAN,NOVARTIS,ENTRESTO,137862-53-4,58782
SACUBITRIL#VALSARTAN,NOVARTIS,ENTRESTO,149709-62-6,58782
SAXAGLIPTIN,ASTRAZENECA,ONGLYZA,361442-04-8,44417
SAXAGLIPTIN,ASTRAZENECA,ONGLYZA,945667-22-1,44417
SIMVASTATIN#SITAGLIPTIN,MERCK_&_CO,JUVISYNC,486460-32-6,62169
SIMVASTATIN#SITAGLIPTIN,MERCK_&_CO,JUVISYNC,79902-63-9,62169
SOFOSBUVIR#VELPATASVIR,GILEAD_SCIENCES,EPCLUSA,1190307-88-0,88619
SOFOSBUVIR#VELPATASVIR,GILEAD_SCIENCES,EPCLUSA,1377049-84-7,88619
SOFOSBUVIR#VELPATASVIR,GILEAD_SCIENCES,EPCLUSA,1190307-88-0,95212
SOFOSBUVIR#VELPATASVIR,GILEAD_SCIENCES,EPCLUSA,1377049-84-7,95212
SOFOSBUVIR#VELPATASVIR#VOXILAPREVIR,GILEAD_SCIENCES,VOSEVI,1190307-88-0,88619
SOFOSBUVIR#VELPATASVIR#VOXILAPREVIR,GILEAD_SCIENCES,VOSEVI,1377049-84-7,88619
SOFOSBUVIR#VELPATASVIR#VOXILAPREVIR,GILEAD_SCIENCES,VOSEVI,1190307-88-0,95212
SOFOSBUVIR#VELPATASVIR#VOXILAPREVIR,GILEAD_SCIENCES,VOSEVI,1377049-84-7,95212
SOFOSBUVIR#VELPATASVIR#VOXILAPREVIR,GILEAD_SCIENCES,VOSEVI,1535212-07-7,95212
SULFAMETHOXAZOLE#TRIMETHOPRIM,TAKEDA,BACTRIM,723-46-6,44363
SULFAMETHOXAZOLE#TRIMETHOPRIM,TAKEDA,BACTRIM,738-70-5,44363
TALAZOPARIB,PFIZER,TALZENNA,1207456-01-6,63832
TALAZOPARIB,PFIZER,TALZENNA,1373431-65-2,63832
TIPIRACIL#TRIFLURIDINE,OTSUKA,LONSURF,183204-74-2,7810
TIPIRACIL#TRIFLURIDINE,OTSUKA,LONSURF,70-00-8,7810
TOPOTECAN,NOVARTIS,HYCAMTIN,119413-54-6,4577
TOPOTECAN,NOVARTIS,HYCAMTIN,123948-87-8,4577
TOPOTECAN,NOVARTIS,HYCAMTIN,119413-54-6,100129
TOPOTECAN,NOVARTIS,HYCAMTIN,123948-87-8,100129
TRANDOLAPRIL#VERAPAMIL,ABBVIE,TARKA,52-53-9,46941
TRANDOLAPRIL#VERAPAMIL,ABBVIE,TARKA,87679-37-6,46941
VALACICLOVIR,GLAXOSMITHKLINE,VALTREX,124832-26-4,4735
VALACICLOVIR,GLAXOSMITHKLINE,VALTREX,124832-27-5,4735
